[
    {
        "id": "1",
        "name": "1 Page Big Calender 2024",
        "price": "22.00",
        "discount": "0",
        "": ""
    },
    {
        "id": "2",
        "name": "1 Page Smoll Calender 2024",
        "price": "12.00",
        "discount": "0",
        "": ""
    },
    {
        "id": "3",
        "name": "28 October Sarok",
        "price": "130.00",
        "discount": "0",
        "": ""
    },
    {
        "id": "4",
        "name": "3 Page Big Calender 2024",
        "price": "60.00",
        "discount": "0",
        "": ""
    },
    {
        "id": "5",
        "name": "Adarsha Kivabe Prachar Korte",
        "price": "30.00",
        "discount": "30",
        "": ""
    },
    {
        "id": "6",
        "name": "Adhunik Juger Challange",
        "price": "30.00",
        "discount": "30",
        "": ""
    },
    {
        "id": "7",
        "name": "Al-Quranul Kareem",
        "price": "250.00",
        "discount": "0",
        "": ""
    },
    {
        "id": "8",
        "name": "Amader Ahoban",
        "price": "10.00",
        "discount": "30",
        "": ""
    },
    {
        "id": "9",
        "name": "Amra Ki Chai Keno Chai",
        "price": "18.00",
        "discount": "30",
        "": ""
    },
    {
        "id": "10",
        "name": "Amra Ki Chai keno chi(English)",
        "price": "12.00",
        "discount": "30",
        "": ""
    },
    {
        "id": "11",
        "name": "Anu-poromanu list",
        "price": "10.00",
        "discount": "0",
        "": ""
    },
    {
        "id": "12",
        "name": "Aso Alor Pathey",
        "price": "14.00",
        "discount": "30",
        "": ""
    },
    {
        "id": "13",
        "name": "Aso Alor Pathey (English)",
        "price": "8.00",
        "discount": "30",
        "": ""
    },
    {
        "id": "14",
        "name": "Ayat O Hadis Songkolon - Big",
        "price": "300.00",
        "discount": "30",
        "": ""
    },
    {
        "id": "15",
        "name": "Ayat O Hadis Songkolon - Small",
        "price": "50.00",
        "discount": "20",
        "": ""
    },
    {
        "id": "16",
        "name": "B M Rashid Book (Shakha)",
        "price": "22.00",
        "discount": "0",
        "": ""
    },
    {
        "id": "17",
        "name": "B M Rashid Book (Thana+Word)",
        "price": "22.00",
        "discount": "0",
        "": ""
    },
    {
        "id": "18",
        "name": "B M Strok Registre",
        "price": "110.00",
        "discount": "0",
        "": ""
    },
    {
        "id": "19",
        "name": "Bactigata Protibadon",
        "price": "1.50",
        "discount": "0",
        "": ""
    },
    {
        "id": "20",
        "name": "Bactigata Report Book",
        "price": "18.00",
        "discount": "0",
        "": ""
    },
    {
        "id": "21",
        "name": "Bactigata Report Book (Englis)",
        "price": "14.00",
        "discount": "0",
        "": ""
    },
    {
        "id": "22",
        "name": "Bactigata Report Book (K.K)",
        "price": "18.00",
        "discount": "0",
        "": ""
    },
    {
        "id": "23",
        "name": "Bactigata Report Form",
        "price": "1.50",
        "discount": "0",
        "": ""
    },
    {
        "id": "24",
        "name": "Bactigata Report From(English)",
        "price": "0.60",
        "discount": "0",
        "": ""
    },
    {
        "id": "25",
        "name": "Baitulmal Register Khata Shakh",
        "price": "220.00",
        "discount": "0",
        "": ""
    },
    {
        "id": "26",
        "name": "Baitulmal Register Khata Thana",
        "price": "230.00",
        "discount": "0",
        "": ""
    },
    {
        "id": "27",
        "name": "Baitulmal Register Khata Word",
        "price": "230.00",
        "discount": "0",
        "": ""
    },
    {
        "id": "28",
        "name": "Bio Data (Kormi)",
        "price": "1.50",
        "discount": "0",
        "": ""
    },
    {
        "id": "29",
        "name": "Bio Data (Shathi)",
        "price": "1.50",
        "discount": "0",
        "": ""
    },
    {
        "id": "30",
        "name": "Bornomala Book",
        "price": "240.00",
        "discount": "45",
        "": ""
    },
    {
        "id": "31",
        "name": "Buddi Braktik Juddho",
        "price": "500.00",
        "discount": "35",
        "": ""
    },
    {
        "id": "32",
        "name": "Career: Bikoshito Jiboner Der",
        "price": "400.00",
        "discount": "35",
        "": ""
    },
    {
        "id": "33",
        "name": "Cash Memo",
        "price": "50.00",
        "discount": "0",
        "": ""
    },
    {
        "id": "34",
        "name": "Chabir Ring - A",
        "price": "25.00",
        "discount": "0",
        "": ""
    },
    {
        "id": "35",
        "name": "Chabir Ring - B",
        "price": "24.00",
        "discount": "0",
        "": ""
    },
    {
        "id": "36",
        "name": "Chabir Ring - CMC",
        "price": "32.00",
        "discount": "0",
        "": ""
    },
    {
        "id": "37",
        "name": "Chabir Ring - Pataka",
        "price": "25.00",
        "discount": "0",
        "": ""
    },
    {
        "id": "38",
        "name": "Charitra Gothaner MoulikUpadan",
        "price": "30.00",
        "discount": "30",
        "": ""
    },
    {
        "id": "39",
        "name": "Chatra Kollan Khata",
        "price": "80.00",
        "discount": "0",
        "": ""
    },
    {
        "id": "40",
        "name": "Chhatra Kollan Tahabil Box",
        "price": "10.00",
        "discount": "0",
        "": ""
    },
    {
        "id": "41",
        "name": "Chotoder Islami Orthoniti",
        "price": "60.00",
        "discount": "30",
        "": ""
    },
    {
        "id": "42",
        "name": "Class Routine A",
        "price": "3.00",
        "discount": "0",
        "": ""
    },
    {
        "id": "43",
        "name": "Class Routine B",
        "price": "2.00",
        "discount": "0",
        "": ""
    },
    {
        "id": "44",
        "name": "Coching Guide Register",
        "price": "250.00",
        "discount": "0",
        "": ""
    },
    {
        "id": "45",
        "name": "Computer Fundamentals…",
        "price": "125.00",
        "discount": "20",
        "": ""
    },
    {
        "id": "46",
        "name": "Continental Courier Bill 2",
        "price": "1.00",
        "discount": "0",
        "": ""
    },
    {
        "id": "47",
        "name": "Conveyance",
        "price": "25.00",
        "discount": "0",
        "": ""
    },
    {
        "id": "48",
        "name": "Cort Pin - (Logo)",
        "price": "35.00",
        "discount": "0",
        "": ""
    },
    {
        "id": "49",
        "name": "Cort Pin - CMC",
        "price": "45.00",
        "discount": "0",
        "": ""
    },
    {
        "id": "50",
        "name": "Dex Calender - (Bangla) 2024",
        "price": "50.00",
        "discount": "0",
        "": ""
    },
    {
        "id": "51",
        "name": "Dex Calender - (English) 2024",
        "price": "50.00",
        "discount": "0",
        "": ""
    },
    {
        "id": "52",
        "name": "Diary Big (Bangla)-2024",
        "price": "180.00",
        "discount": "0",
        "": ""
    },
    {
        "id": "53",
        "name": "Diary Big (English)-2024",
        "price": "180.00",
        "discount": "0",
        "": ""
    },
    {
        "id": "54",
        "name": "Digdigantho (2)",
        "price": "250.00",
        "discount": "30",
        "": ""
    },
    {
        "id": "55",
        "name": "Digdigantho (3)",
        "price": "250.00",
        "discount": "30",
        "": ""
    },
    {
        "id": "56",
        "name": "Digdiganto - (1)",
        "price": "200.00",
        "discount": "30",
        "": ""
    },
    {
        "id": "57",
        "name": "Dosh dofa",
        "price": "30.00",
        "discount": "30",
        "": ""
    },
    {
        "id": "58",
        "name": "Eid Card (S.G)",
        "price": "10.00",
        "discount": "0",
        "": ""
    },
    {
        "id": "59",
        "name": "Eid Card 2019",
        "price": "10.00",
        "discount": "0",
        "": ""
    },
    {
        "id": "60",
        "name": "Eid Card-Bangla",
        "price": "12.00",
        "discount": "0",
        "": ""
    },
    {
        "id": "61",
        "name": "Eid Card-English",
        "price": "12.00",
        "discount": "0",
        "": ""
    },
    {
        "id": "62",
        "name": "Ghori (Dewal)-A",
        "price": "100.00",
        "discount": "0",
        "": ""
    },
    {
        "id": "63",
        "name": "Growing Children Minds",
        "price": "50.00",
        "discount": "30",
        "": ""
    },
    {
        "id": "64",
        "name": "Herar Joti - 1",
        "price": "240.00",
        "discount": "30",
        "": ""
    },
    {
        "id": "65",
        "name": "Islam O Onnanno Motobad",
        "price": "500.00",
        "discount": "35",
        "": ""
    },
    {
        "id": "66",
        "name": "Islam O Orthonaytik Challenge",
        "price": "400.00",
        "discount": "40",
        "": ""
    },
    {
        "id": "67",
        "name": "Islamar Ahoban",
        "price": "30.00",
        "discount": "30",
        "": ""
    },
    {
        "id": "68",
        "name": "Islamer Prathomic Porichoy",
        "price": "50.00",
        "discount": "30",
        "": ""
    },
    {
        "id": "69",
        "name": "Islami Andolner karmider P S",
        "price": "80.00",
        "discount": "30",
        "": ""
    },
    {
        "id": "70",
        "name": "Islami Andolon Safoller Sahrta",
        "price": "50.00",
        "discount": "30",
        "": ""
    },
    {
        "id": "71",
        "name": "Islami Arthoniti Probandho",
        "price": "200.00",
        "discount": "30",
        "": ""
    },
    {
        "id": "72",
        "name": "Jibon Bodlay Jabe B",
        "price": "200.00",
        "discount": "30",
        "": ""
    },
    {
        "id": "73",
        "name": "Jibon Bodlay Jabe N",
        "price": "60.00",
        "discount": "30",
        "": ""
    },
    {
        "id": "74",
        "name": "Karmi Set",
        "price": "520.00",
        "discount": "0",
        "": ""
    },
    {
        "id": "75",
        "name": "Karmopoddhoty",
        "price": "30.00",
        "discount": "30",
        "": ""
    },
    {
        "id": "76",
        "name": "Karmopoddothy (Einglish)",
        "price": "15.00",
        "discount": "0",
        "": ""
    },
    {
        "id": "77",
        "name": "Key To Success",
        "price": "60.00",
        "discount": "30",
        "": ""
    },
    {
        "id": "78",
        "name": "Kham A+",
        "price": "2.50",
        "discount": "0",
        "": ""
    },
    {
        "id": "79",
        "name": "Kishor Mone Vabna Jage",
        "price": "60.00",
        "discount": "30",
        "": ""
    },
    {
        "id": "80",
        "name": "Kolom Dani - CMC",
        "price": "225.00",
        "discount": "0",
        "": ""
    },
    {
        "id": "81",
        "name": "Krest",
        "price": "250.00",
        "discount": "0",
        "": ""
    },
    {
        "id": "82",
        "name": "Kupon - CMC",
        "price": "16.00",
        "discount": "0",
        "": ""
    },
    {
        "id": "83",
        "name": "Lacture Series 1",
        "price": "160.00",
        "discount": "30",
        "": ""
    },
    {
        "id": "84",
        "name": "Macek Porikolpona . S/T/W/U",
        "price": "1.50",
        "discount": "0",
        "": ""
    },
    {
        "id": "85",
        "name": "Mahe Ramjan",
        "price": "30.00",
        "discount": "30",
        "": ""
    },
    {
        "id": "86",
        "name": "Majhary diary-2024",
        "price": "55.00",
        "discount": "0",
        "": ""
    },
    {
        "id": "87",
        "name": "Masnun Doa",
        "price": "120.00",
        "discount": "30",
        "": ""
    },
    {
        "id": "88",
        "name": "Mess mill Register Khata",
        "price": "150.00",
        "discount": "0",
        "": ""
    },
    {
        "id": "89",
        "name": "Moder Cholar Path Islam",
        "price": "50.00",
        "discount": "30",
        "": ""
    },
    {
        "id": "90",
        "name": "Monthly flat rent",
        "price": "30250.00",
        "discount": "0",
        "": ""
    },
    {
        "id": "91",
        "name": "Mora Bara Hote Chai",
        "price": "50.00",
        "discount": "30",
        "": ""
    },
    {
        "id": "92",
        "name": "Moulik Islami Sahitto Somvar",
        "price": "550.00",
        "discount": "0",
        "": ""
    },
    {
        "id": "93",
        "name": "Mug - CMC",
        "price": "290.00",
        "discount": "0",
        "": ""
    },
    {
        "id": "94",
        "name": "Muktir Poigam",
        "price": "20.00",
        "discount": "30",
        "": ""
    },
    {
        "id": "95",
        "name": "Muktir Poigam (English)",
        "price": "12.00",
        "discount": "30",
        "": ""
    },
    {
        "id": "96",
        "name": "Muslim manose songkot",
        "price": "200.00",
        "discount": "30",
        "": ""
    },
    {
        "id": "97",
        "name": "Namajer Stai Shomoy Suchi",
        "price": "25.00",
        "discount": "0",
        "": ""
    },
    {
        "id": "98",
        "name": "New Sarok",
        "price": "550.00",
        "discount": "0",
        "": ""
    },
    {
        "id": "99",
        "name": "Nirbacito Probando Sankalon",
        "price": "130.00",
        "discount": "30",
        "": ""
    },
    {
        "id": "100",
        "name": "Note book - A",
        "price": "60.00",
        "discount": "0",
        "": ""
    },
    {
        "id": "101",
        "name": "Note book - B",
        "price": "40.00",
        "discount": "0",
        "": ""
    },
    {
        "id": "102",
        "name": "Note book - C",
        "price": "15.00",
        "discount": "0",
        "": ""
    },
    {
        "id": "103",
        "name": "Oboruddho Bangladesh",
        "price": "200.00",
        "discount": "30",
        "": ""
    },
    {
        "id": "104",
        "name": "Omeo Sudha",
        "price": "160.00",
        "discount": "30",
        "": ""
    },
    {
        "id": "105",
        "name": "Orthonaytik Protibadon",
        "price": "1.50",
        "discount": "0",
        "": ""
    },
    {
        "id": "106",
        "name": "Paper Weight - CMC",
        "price": "120.00",
        "discount": "0",
        "": ""
    },
    {
        "id": "107",
        "name": "Paper Weight-A",
        "price": "60.00",
        "discount": "0",
        "": ""
    },
    {
        "id": "108",
        "name": "Paper Weight-B",
        "price": "40.00",
        "discount": "0",
        "": ""
    },
    {
        "id": "109",
        "name": "Pataka Cloth",
        "price": "50.00",
        "discount": "0",
        "": ""
    },
    {
        "id": "110",
        "name": "Pataka Dolio",
        "price": "1.00",
        "discount": "0",
        "": ""
    },
    {
        "id": "111",
        "name": "Pataka Jatio",
        "price": "1.00",
        "discount": "0",
        "": ""
    },
    {
        "id": "112",
        "name": "Pataka Kalema",
        "price": "1.00",
        "discount": "0",
        "": ""
    },
    {
        "id": "113",
        "name": "Pathagar Register khata",
        "price": "180.00",
        "discount": "0",
        "": ""
    },
    {
        "id": "114",
        "name": "Pen - A+",
        "price": "35.00",
        "discount": "0",
        "": ""
    },
    {
        "id": "115",
        "name": "Pen - C",
        "price": "13.00",
        "discount": "0",
        "": ""
    },
    {
        "id": "116",
        "name": "Pocket Diary-2024",
        "price": "35.00",
        "discount": "0",
        "": ""
    },
    {
        "id": "117",
        "name": "Porichity",
        "price": "2.00",
        "discount": "0",
        "": ""
    },
    {
        "id": "118",
        "name": "Poricity (English)",
        "price": "1.50",
        "discount": "0",
        "": ""
    },
    {
        "id": "119",
        "name": "",
        "price": "",
        "discount": "",
        "": ""
    },
    {
        "id": "120",
        "name": "Poster : 10 ti badhi",
        "price": "25.00",
        "discount": "0",
        "": ""
    },
    {
        "id": "121",
        "name": "Poster : 5 shreny",
        "price": "25.00",
        "discount": "0",
        "": ""
    },
    {
        "id": "122",
        "name": "Poster : 5 te Obostha",
        "price": "25.00",
        "discount": "0",
        "": ""
    },
    {
        "id": "123",
        "name": "Poster : 7 shreny",
        "price": "25.00",
        "discount": "0",
        "": ""
    },
    {
        "id": "124",
        "name": "Poster : Abdul Malek",
        "price": "10.00",
        "discount": "0",
        "": ""
    },
    {
        "id": "125",
        "name": "Poster : Al Quran",
        "price": "25.00",
        "discount": "0",
        "": ""
    },
    {
        "id": "126",
        "name": "Poster : Class:of hadis",
        "price": "25.00",
        "discount": "0",
        "": ""
    },
    {
        "id": "127",
        "name": "Poster : Dewa Circle ",
        "price": "20.00",
        "discount": "0",
        "": ""
    },
    {
        "id": "128",
        "name": "Poster : Durjog",
        "price": "25.00",
        "discount": "0",
        "": ""
    },
    {
        "id": "129",
        "name": "Poster : Dussahosik Bir",
        "price": "25.00",
        "discount": "0",
        "": ""
    },
    {
        "id": "130",
        "name": "Poster : Jiboner Sapno",
        "price": "25.00",
        "discount": "0",
        "": ""
    },
    {
        "id": "131",
        "name": "Poster : Kabi Farrukh",
        "price": "25.00",
        "discount": "0",
        "": ""
    },
    {
        "id": "132",
        "name": "Poster : Manchitro",
        "price": "18.00",
        "discount": "0",
        "": ""
    },
    {
        "id": "133",
        "name": "Poster : Mini",
        "price": "4.00",
        "discount": "0",
        "": ""
    },
    {
        "id": "134",
        "name": "Poster : Muslim Ami",
        "price": "25.00",
        "discount": "0",
        "": ""
    },
    {
        "id": "135",
        "name": "Poster : Nahey Samapto",
        "price": "25.00",
        "discount": "0",
        "": ""
    },
    {
        "id": "136",
        "name": "Poster : Taufiq Daou",
        "price": "25.00",
        "discount": "0",
        "": ""
    },
    {
        "id": "137",
        "name": "Preronar Bathigor",
        "price": "100.00",
        "discount": "0",
        "": ""
    },
    {
        "id": "138",
        "name": "Press Biggopty Pad",
        "price": "30.00",
        "discount": "0",
        "": ""
    },
    {
        "id": "139",
        "name": "Prokashona Register khata",
        "price": "150.00",
        "discount": "0",
        "": ""
    },
    {
        "id": "140",
        "name": "Proshikhon Nirdeshika",
        "price": "50.00",
        "discount": "30",
        "": ""
    },
    {
        "id": "141",
        "name": "Protibedon Kishor Kantho",
        "price": "1.50",
        "discount": "0",
        "": ""
    },
    {
        "id": "142",
        "name": "Quran and sunnah",
        "price": "50.00",
        "discount": "30",
        "": ""
    },
    {
        "id": "143",
        "name": "Quran er Ayena",
        "price": "120.00",
        "discount": "30",
        "": ""
    },
    {
        "id": "144",
        "name": "Ramadan Porikolpona",
        "price": "25.00",
        "discount": "0",
        "": ""
    },
    {
        "id": "145",
        "name": "Ramjan Ahaban",
        "price": "0.60",
        "discount": "0",
        "": ""
    },
    {
        "id": "146",
        "name": "Ramjan Book Package",
        "price": "499.00",
        "discount": "0",
        "": ""
    },
    {
        "id": "147",
        "name": "Ramjan Calender - 2023",
        "price": "6.00",
        "discount": "0",
        "": ""
    },
    {
        "id": "148",
        "name": "Ramjan Calender-(Barisal)",
        "price": "13.00",
        "discount": "0",
        "": ""
    },
    {
        "id": "149",
        "name": "Ramjan Calender-(Bogura)",
        "price": "13.00",
        "discount": "0",
        "": ""
    },
    {
        "id": "150",
        "name": "Ramjan Calender-(Chandpur)",
        "price": "8.00",
        "discount": "0",
        "": ""
    },
    {
        "id": "151",
        "name": "Ramjan Calender-(Chitagong)",
        "price": "13.00",
        "discount": "0",
        "": ""
    },
    {
        "id": "152",
        "name": "Ramjan Calender-(Comilla)",
        "price": "13.00",
        "discount": "0",
        "": ""
    },
    {
        "id": "153",
        "name": "Ramjan Calender-(Dhaka)",
        "price": "13.00",
        "discount": "0",
        "": ""
    },
    {
        "id": "154",
        "name": "Ramjan Calender-(Dinajpur)",
        "price": "13.00",
        "discount": "0",
        "": ""
    },
    {
        "id": "155",
        "name": "Ramjan Calender-(E.B)",
        "price": "11.00",
        "discount": "0",
        "": ""
    },
    {
        "id": "156",
        "name": "Ramjan Calender-(Jessore)",
        "price": "13.00",
        "discount": "0",
        "": ""
    },
    {
        "id": "157",
        "name": "Ramjan Calender-(Khulna)",
        "price": "13.00",
        "discount": "0",
        "": ""
    },
    {
        "id": "158",
        "name": "Ramjan Calender-(Kushtia)",
        "price": "13.00",
        "discount": "0",
        "": ""
    },
    {
        "id": "159",
        "name": "Ramjan Calender-(Maulovbazar)",
        "price": "13.00",
        "discount": "0",
        "": ""
    },
    {
        "id": "160",
        "name": "Ramjan Calender-(Mymonsing)",
        "price": "13.00",
        "discount": "0",
        "": ""
    },
    {
        "id": "161",
        "name": "Ramjan Calender-(Nowakhali)",
        "price": "13.00",
        "discount": "0",
        "": ""
    },
    {
        "id": "162",
        "name": "Ramjan Calender-(Rajshahi)",
        "price": "13.00",
        "discount": "0",
        "": ""
    },
    {
        "id": "163",
        "name": "Ramjan Calender-(Rangpur)",
        "price": "13.00",
        "discount": "0",
        "": ""
    },
    {
        "id": "164",
        "name": "Ramjan Calender-(Sylhet)",
        "price": "13.00",
        "discount": "0",
        "": ""
    },
    {
        "id": "165",
        "name": "Ramjan Hotel Malek",
        "price": "1.20",
        "discount": "0",
        "": ""
    },
    {
        "id": "166",
        "name": "Ramjan Nasihat",
        "price": "1.20",
        "discount": "0",
        "": ""
    },
    {
        "id": "167",
        "name": "Ramjan Sadharan Chatro",
        "price": "2.00",
        "discount": "0",
        "": ""
    },
    {
        "id": "168",
        "name": "Ramzan Calender - 2016",
        "price": "7.00",
        "discount": "0",
        "": ""
    },
    {
        "id": "169",
        "name": "Ramzan Calender - 2017",
        "price": "8.00",
        "discount": "0",
        "": ""
    },
    {
        "id": "170",
        "name": "Ramzan Calender - 2018",
        "price": "8.00",
        "discount": "0",
        "": ""
    },
    {
        "id": "171",
        "name": "Ramzan Calender - 2019",
        "price": "8.00",
        "discount": "0",
        "": ""
    },
    {
        "id": "172",
        "name": "Ramzan Calender - 2021",
        "price": "10.00",
        "discount": "0",
        "": ""
    },
    {
        "id": "173",
        "name": "Ramzan Calender - 2022",
        "price": "11.00",
        "discount": "0",
        "": ""
    },
    {
        "id": "174",
        "name": "Reporting Handbook Diary",
        "price": "150.00",
        "discount": "40",
        "": ""
    },
    {
        "id": "175",
        "name": "Road to Higher Study",
        "price": "500.00",
        "discount": "50",
        "": ""
    },
    {
        "id": "176",
        "name": "Sadasso Set",
        "price": "9000.00",
        "discount": "0",
        "": ""
    },
    {
        "id": "177",
        "name": "Sahitto Bivager khata",
        "price": "150.00",
        "discount": "0",
        "": ""
    },
    {
        "id": "178",
        "name": "Salam & Kalema Sticar",
        "price": "3.00",
        "discount": "0",
        "": ""
    },
    {
        "id": "179",
        "name": "School Routin",
        "price": "1.50",
        "discount": "0",
        "": ""
    },
    {
        "id": "180",
        "name": "School Sat",
        "price": "2500.00",
        "discount": "0",
        "": ""
    },
    {
        "id": "181",
        "name": "Service Charge",
        "price": "100.00",
        "discount": "0",
        "": ""
    },
    {
        "id": "182",
        "name": "Shadassa Pratthy Diary",
        "price": "80.00",
        "discount": "0",
        "": ""
    },
    {
        "id": "183",
        "name": "Shahosi Manusher Galpo - 1",
        "price": "80.00",
        "discount": "30",
        "": ""
    },
    {
        "id": "184",
        "name": "Shahosi Manusher Golpo - 2",
        "price": "70.00",
        "discount": "30",
        "": ""
    },
    {
        "id": "185",
        "name": "Shahosi Manusher Golpo - 3",
        "price": "50.00",
        "discount": "30",
        "": ""
    },
    {
        "id": "186",
        "name": "Shahosi Manusher Galpo - 4",
        "price": "40.00",
        "discount": "30",
        "": ""
    },
    {
        "id": "187",
        "name": "Shahosi Manusher Galpo - 5",
        "price": "50.00",
        "discount": "30",
        "": ""
    },
    {
        "id": "188",
        "name": "Shahosi Manusher Galpo - 6",
        "price": "50.00",
        "discount": "30",
        "": ""
    },
    {
        "id": "189",
        "name": "Shakhar macek report",
        "price": "1.75",
        "discount": "0",
        "": ""
    },
    {
        "id": "190",
        "name": "Shanghathonic Pad",
        "price": "35.00",
        "discount": "0",
        "": ""
    },
    {
        "id": "191",
        "name": "Shape The Life",
        "price": "50.00",
        "discount": "30",
        "": ""
    },
    {
        "id": "192",
        "name": "Shathi Set",
        "price": "2712.00",
        "discount": "0",
        "": ""
    },
    {
        "id": "193",
        "name": "Shofol Bitarkik Bokta",
        "price": "300.00",
        "discount": "35",
        "": ""
    },
    {
        "id": "194",
        "name": "Shomorthak Form",
        "price": "0.80",
        "discount": "0",
        "": ""
    },
    {
        "id": "195",
        "name": "Shomorthak Form (English)",
        "price": "0.60",
        "discount": "0",
        "": ""
    },
    {
        "id": "196",
        "name": "Shomorthak Form (Omuslim)",
        "price": "0.60",
        "discount": "0",
        "": ""
    },
    {
        "id": "197",
        "name": "Shongbidhan",
        "price": "20.00",
        "discount": "0",
        "": ""
    },
    {
        "id": "198",
        "name": "Shongbidhan (Arabia)",
        "price": "15.00",
        "discount": "0",
        "": ""
    },
    {
        "id": "199",
        "name": "Shorno Juger Muslime Bigganira",
        "price": "400.00",
        "discount": "35",
        "": ""
    },
    {
        "id": "200",
        "name": "Shotyer Shourav",
        "price": "120.00",
        "discount": "30",
        "": ""
    },
    {
        "id": "201",
        "name": "Sompod register khata",
        "price": "120.00",
        "discount": "0",
        "": ""
    },
    {
        "id": "202",
        "name": "Songsodo bitorko",
        "price": "45.00",
        "discount": "50",
        "": ""
    },
    {
        "id": "203",
        "name": "Sorona Monona",
        "price": "140.00",
        "discount": "50",
        "": ""
    },
    {
        "id": "204",
        "name": "Srostar Sunipun Sristy",
        "price": "160.00",
        "discount": "30",
        "": ""
    },
    {
        "id": "205",
        "name": "Srrity Omolin",
        "price": "350.00",
        "discount": "0",
        "": ""
    },
    {
        "id": "206",
        "name": "Stand flag",
        "price": "900.00",
        "discount": "0",
        "": ""
    },
    {
        "id": "207",
        "name": "Sticar A",
        "price": "2.88",
        "discount": "0",
        "": ""
    },
    {
        "id": "208",
        "name": "Sticar B",
        "price": "2.50",
        "discount": "0",
        "": ""
    },
    {
        "id": "209",
        "name": "Sticar C",
        "price": "1.00",
        "discount": "0",
        "": ""
    },
    {
        "id": "210",
        "name": "Sticar Doa-1",
        "price": "2.88",
        "discount": "0",
        "": ""
    },
    {
        "id": "211",
        "name": "Subhe Sadik",
        "price": "175.00",
        "discount": "40",
        "": ""
    },
    {
        "id": "212",
        "name": "Sutraboly",
        "price": "8.00",
        "discount": "0",
        "": ""
    },
    {
        "id": "213",
        "name": "Suvessha Card",
        "price": "0.70",
        "discount": "0",
        "": ""
    },
    {
        "id": "214",
        "name": "Syllabus",
        "price": "30.00",
        "discount": "30",
        "": ""
    },
    {
        "id": "215",
        "name": "T- Shirt - CMC",
        "price": "100.00",
        "discount": "0",
        "": ""
    },
    {
        "id": "216",
        "name": "T- Shirt - D",
        "price": "10.00",
        "discount": "0",
        "": ""
    },
    {
        "id": "217",
        "name": "T- Shirt-(Ganji)",
        "price": "200.00",
        "discount": "0",
        "": ""
    },
    {
        "id": "218",
        "name": "T- Shirt-Dewa Circle",
        "price": "260.00",
        "discount": "0",
        "": ""
    },
    {
        "id": "219",
        "name": "Taqwar Minar",
        "price": "35.00",
        "discount": "30",
        "": ""
    },
    {
        "id": "220",
        "name": "Tarun tomar jonno",
        "price": "60.00",
        "discount": "30",
        "": ""
    },
    {
        "id": "221",
        "name": "Tazkiatun Nafs",
        "price": "200.00",
        "discount": "30",
        "": ""
    },
    {
        "id": "222",
        "name": "Tense",
        "price": "8.00",
        "discount": "0",
        "": ""
    },
    {
        "id": "223",
        "name": "Thana sh: word unite m:report",
        "price": "2.00",
        "discount": "0",
        "": ""
    },
    {
        "id": "224",
        "name": "Ucchotor  Syllabus",
        "price": "12500.00",
        "discount": "0",
        "": ""
    },
    {
        "id": "225",
        "name": "Uposhaka Unite macek Report",
        "price": "1.50",
        "discount": "0",
        "": ""
    },
    {
        "id": "226",
        "name": "Uposhakar macek Porikolpona",
        "price": "1.50",
        "discount": "0",
        "": ""
    },
    {
        "id": "227",
        "name": "Uposhakhar Register khata",
        "price": "160.00",
        "discount": "0",
        "": ""
    },
    {
        "id": "228",
        "name": "USS Biology Part-I",
        "price": "300.00",
        "discount": "50",
        "": ""
    },
    {
        "id": "229",
        "name": "USS Biology Part-II",
        "price": "300.00",
        "discount": "40",
        "": ""
    },
    {
        "id": "230",
        "name": "USS Biology Part-III",
        "price": "300.00",
        "discount": "40",
        "": ""
    },
    {
        "id": "231",
        "name": "USS Biology Part-IV",
        "price": "300.00",
        "discount": "40",
        "": ""
    },
    {
        "id": "232",
        "name": "USS Biology Part-V",
        "price": "300.00",
        "discount": "50",
        "": ""
    },
    {
        "id": "233",
        "name": "USS Biology Part-VI",
        "price": "300.00",
        "discount": "50",
        "": ""
    },
    {
        "id": "234",
        "name": "USS Chemistry Part-I",
        "price": "300.00",
        "discount": "50",
        "": ""
    },
    {
        "id": "235",
        "name": "USS Chemistry Part-II",
        "price": "300.00",
        "discount": "40",
        "": ""
    },
    {
        "id": "236",
        "name": "USS Chemistry Part-III",
        "price": "300.00",
        "discount": "50",
        "": ""
    },
    {
        "id": "237",
        "name": "USS Physics Part-I",
        "price": "300.00",
        "discount": "50",
        "": ""
    },
    {
        "id": "238",
        "name": "USS Physics Part-II",
        "price": "300.00",
        "discount": "40",
        "": ""
    },
    {
        "id": "239",
        "name": "USS Physics Part-III",
        "price": "300.00",
        "discount": "40",
        "": ""
    },
    {
        "id": "240",
        "name": "Usulul Fiqh",
        "price": "100.00",
        "discount": "30",
        "": ""
    },
    {
        "id": "241",
        "name": "V.I.P Diary -2024",
        "price": "600.00",
        "discount": "0",
        "": ""
    },
    {
        "id": "242",
        "name": "Vaucher Pad",
        "price": "50.00",
        "discount": "0",
        "": ""
    },
    {
        "id": "243",
        "name": "Word Card",
        "price": "15.00",
        "discount": "0",
        "": ""
    },
    {
        "id": "244",
        "name": "Year Planner-2024",
        "price": "400.00",
        "discount": "0",
        "": ""
    }
]
