[
    {
        "english_name": "1-page-big-calender-2024",
        "bangla_name": "একপাতা ক্যালেন্ডার (বড়ো)",
        "is_branch": "TRUE",
        "is_public": "FALSE",
        "sales_price": "",
        "discount": "",
        "stock": ""
    },
    {
        "english_name": "1-page-smoll-calender-2024",
        "bangla_name": "একপাতা ক্যালেন্ডার (ছোটো) ",
        "is_branch": "TRUE",
        "is_public": "FALSE",
        "sales_price": "",
        "discount": "",
        "stock": ""
    },
    {
        "english_name": "3-page-big-calender-2024",
        "bangla_name": "তিন পাতা ক্যালেন্ডার ",
        "is_branch": "TRUE",
        "is_public": "FALSE",
        "sales_price": "",
        "discount": "",
        "stock": ""
    },
    {
        "english_name": "adarsha-kivabe-prachar-korte",
        "bangla_name": "আদর্শ কীভাবে প্রচার করতে হবে ",
        "is_branch": "TRUE",
        "is_public": "FALSE",
        "sales_price": "",
        "discount": "",
        "stock": ""
    },
    {
        "english_name": "adhunik-juger-challange",
        "bangla_name": "আধুনিক যুগের চ্যালেঞ্জ ও যুবসমাজ ",
        "is_branch": "TRUE",
        "is_public": "FALSE",
        "sales_price": "",
        "discount": "",
        "stock": ""
    },
    {
        "english_name": "al-quranul-kareem",
        "bangla_name": "আল-কুরআনুল কারীম, সাবলীল বাংলা অনুবাদ ",
        "is_branch": "TRUE",
        "is_public": "FALSE",
        "sales_price": "",
        "discount": "",
        "stock": ""
    },
    {
        "english_name": "amader-ahoban",
        "bangla_name": "অন্যান্য ধর্মাবলম্বীদের প্রতি আমাদের আহবান ",
        "is_branch": "TRUE",
        "is_public": "FALSE",
        "sales_price": "",
        "discount": "",
        "stock": ""
    },
    {
        "english_name": "amra-ki-chai-keno-chai",
        "bangla_name": "আমরা কী চাই কেন চাই কীভাবে চাই? ",
        "is_branch": "TRUE",
        "is_public": "FALSE",
        "sales_price": "",
        "discount": "",
        "stock": ""
    },
    {
        "english_name": "amra-ki-chai-keno-chienglish",
        "bangla_name": "আমরা কী চাই কেন চাই কীভাবে চাই? (ইংরেজি) ",
        "is_branch": "TRUE",
        "is_public": "FALSE",
        "sales_price": "",
        "discount": "",
        "stock": ""
    },
    {
        "english_name": "aso-alor-pathey",
        "bangla_name": "এসো আলোর পথে ",
        "is_branch": "TRUE",
        "is_public": "FALSE",
        "sales_price": "",
        "discount": "",
        "stock": ""
    },
    {
        "english_name": "aso-alor-pathey-english",
        "bangla_name": "এসো আলোর পথে (ইংরেজি) ",
        "is_branch": "TRUE",
        "is_public": "FALSE",
        "sales_price": "",
        "discount": "",
        "stock": ""
    },
    {
        "english_name": "ayat-o-hadis-songkolon-big",
        "bangla_name": "বিষয়ভিত্তিক আয়াত ও হাদিস সংকলন (বড়ো)",
        "is_branch": "TRUE",
        "is_public": "FALSE",
        "sales_price": "",
        "discount": "",
        "stock": ""
    },
    {
        "english_name": "ayat-o-hadis-songkolon-small",
        "bangla_name": "বিষয়ভিত্তিক আয়াত ও হাদিস সংকলন (ছোটো) ",
        "is_branch": "TRUE",
        "is_public": "FALSE",
        "sales_price": "",
        "discount": "",
        "stock": ""
    },
    {
        "english_name": "b-m-rashid-book-shakha",
        "bangla_name": "রসিদ বই (শাখা) (প্রতিটি বান্ডিলে ৫০টি করে)",
        "is_branch": "TRUE",
        "is_public": "FALSE",
        "sales_price": "",
        "discount": "",
        "stock": ""
    },
    {
        "english_name": "b-m-rashid-book-thanaword",
        "bangla_name": "রসিদ বই (থানা) (প্রতিটি বান্ডিলে ৫০টি করে) ",
        "is_branch": "TRUE",
        "is_public": "FALSE",
        "sales_price": "",
        "discount": "",
        "stock": ""
    },
    {
        "english_name": "b-m-strok-registre",
        "bangla_name": "রসিদ বই স্টক রেজিস্টার খাতা ",
        "is_branch": "TRUE",
        "is_public": "FALSE",
        "sales_price": "",
        "discount": "",
        "stock": ""
    },
    {
        "english_name": "bactigata-protibadon",
        "bangla_name": "ব্যক্তিগত প্রতিবেদন (১০০ কপি) ",
        "is_branch": "TRUE",
        "is_public": "FALSE",
        "sales_price": "",
        "discount": "",
        "stock": ""
    },
    {
        "english_name": "bactigata-report-book",
        "bangla_name": "ব্যক্তিগত রিপোর্ট বই ",
        "is_branch": "TRUE",
        "is_public": "FALSE",
        "sales_price": "",
        "discount": "",
        "stock": ""
    },
    {
        "english_name": "bactigata-report-book-englis",
        "bangla_name": "Bactigata Report Book (Englis) ",
        "is_branch": "TRUE",
        "is_public": "FALSE",
        "sales_price": "",
        "discount": "",
        "stock": ""
    },
    {
        "english_name": "bactigata-report-book-kk",
        "bangla_name": "ব্যক্তিগত রিপোর্ট বই (কিশোর কণ্ঠ) ",
        "is_branch": "TRUE",
        "is_public": "FALSE",
        "sales_price": "",
        "discount": "",
        "stock": ""
    },
    {
        "english_name": "bactigata-report-form",
        "bangla_name": "ব্যাক্তিগত রিপোর্ট ফর্ম ",
        "is_branch": "TRUE",
        "is_public": "FALSE",
        "sales_price": "",
        "discount": "",
        "stock": ""
    },
    {
        "english_name": "baitulmal-register-khata-shakh",
        "bangla_name": "অর্থ রেজিস্টার খাতা (বড়ো)(শাখা) ",
        "is_branch": "TRUE",
        "is_public": "FALSE",
        "sales_price": "",
        "discount": "",
        "stock": ""
    },
    {
        "english_name": "baitulmal-register-khata-thana",
        "bangla_name": "অর্থ রেজিস্টার খাতা (থানা) ",
        "is_branch": "TRUE",
        "is_public": "FALSE",
        "sales_price": "",
        "discount": "",
        "stock": ""
    },
    {
        "english_name": "baitulmal-register-khata-word",
        "bangla_name": "অর্থ রেজিস্টার খাতা (ওয়ার্ড) ",
        "is_branch": "TRUE",
        "is_public": "FALSE",
        "sales_price": "",
        "discount": "",
        "stock": ""
    },
    {
        "english_name": "bio-data-kormi",
        "bangla_name": "বায়োডাটা (কর্মী-সাথী প্রার্থী) ",
        "is_branch": "TRUE",
        "is_public": "FALSE",
        "sales_price": "",
        "discount": "",
        "stock": ""
    },
    {
        "english_name": "bio-data-shathi",
        "bangla_name": "বায়োডাটা (সাথী-সদস্য প্রার্থী) ",
        "is_branch": "TRUE",
        "is_public": "FALSE",
        "sales_price": "",
        "discount": "",
        "stock": ""
    },
    {
        "english_name": "bornomala-book",
        "bangla_name": "বর্ণমালা ",
        "is_branch": "TRUE",
        "is_public": "FALSE",
        "sales_price": "",
        "discount": "",
        "stock": ""
    },
    {
        "english_name": "buddi-braktik-juddho",
        "bangla_name": "বুদ্ধিবৃত্তিক যুদ্ধ ",
        "is_branch": "TRUE",
        "is_public": "FALSE",
        "sales_price": "",
        "discount": "",
        "stock": ""
    },
    {
        "english_name": "career-bikoshito-jiboner-der",
        "bangla_name": "ক্যারিয়ার বিকশিত জীবনের দ্বার ",
        "is_branch": "TRUE",
        "is_public": "FALSE",
        "sales_price": "",
        "discount": "",
        "stock": ""
    },
    {
        "english_name": "cash-memo",
        "bangla_name": "ক্যাশ মেমো (বই) ",
        "is_branch": "TRUE",
        "is_public": "FALSE",
        "sales_price": "",
        "discount": "",
        "stock": ""
    },
    {
        "english_name": "chabir-ring-a",
        "bangla_name": "চাবির রিং (এ) ",
        "is_branch": "TRUE",
        "is_public": "FALSE",
        "sales_price": "",
        "discount": "",
        "stock": ""
    },
    {
        "english_name": "chabir-ring-b",
        "bangla_name": "চাবির রিং (বি) ",
        "is_branch": "TRUE",
        "is_public": "FALSE",
        "sales_price": "",
        "discount": "",
        "stock": ""
    },
    {
        "english_name": "chabir-ring-cmc",
        "bangla_name": "চাবির রিং- সদস্য সম্মেলনের- ২০২২ ",
        "is_branch": "TRUE",
        "is_public": "FALSE",
        "sales_price": "",
        "discount": "",
        "stock": ""
    },
    {
        "english_name": "chabir-ring-pataka",
        "bangla_name": "চাবির রিং (পতাকা) ",
        "is_branch": "TRUE",
        "is_public": "FALSE",
        "sales_price": "",
        "discount": "",
        "stock": ""
    },
    {
        "english_name": "charitra-gothaner-moulikupadan",
        "bangla_name": "চরিত্র গঠনের মৌলিক উপাদান ",
        "is_branch": "TRUE",
        "is_public": "FALSE",
        "sales_price": "",
        "discount": "",
        "stock": ""
    },
    {
        "english_name": "chatra-kollan-khata",
        "bangla_name": "ছাত্রকল্যাণ রেজিস্টার খাতা ",
        "is_branch": "TRUE",
        "is_public": "FALSE",
        "sales_price": "",
        "discount": "",
        "stock": ""
    },
    {
        "english_name": "chhatra-kollan-tahabil-box",
        "bangla_name": "ছাত্রকল্যাণ বক্স ",
        "is_branch": "TRUE",
        "is_public": "FALSE",
        "sales_price": "",
        "discount": "",
        "stock": ""
    },
    {
        "english_name": "chotoder-islami-orthoniti",
        "bangla_name": "ছোটদের ইসলামী অর্থনীতি",
        "is_branch": "TRUE",
        "is_public": "FALSE",
        "sales_price": "",
        "discount": "",
        "stock": ""
    },
    {
        "english_name": "class-routine-a",
        "bangla_name": "ক্লাস রুটিন (এ) ",
        "is_branch": "TRUE",
        "is_public": "FALSE",
        "sales_price": "",
        "discount": "",
        "stock": ""
    },
    {
        "english_name": "class-routine-b",
        "bangla_name": "ক্লাস রুটিন (বি) (১০০ কপি) ",
        "is_branch": "TRUE",
        "is_public": "FALSE",
        "sales_price": "",
        "discount": "",
        "stock": ""
    },
    {
        "english_name": "coching-guide-register",
        "bangla_name": "কোচিং রেজিস্টার খাতা ",
        "is_branch": "TRUE",
        "is_public": "FALSE",
        "sales_price": "",
        "discount": "",
        "stock": ""
    },
    {
        "english_name": "computer-fundamentals",
        "bangla_name": "কম্পিউটার ফান্ডামেন্টালস",
        "is_branch": "TRUE",
        "is_public": "FALSE",
        "sales_price": "",
        "discount": "",
        "stock": ""
    },
    {
        "english_name": "continental-courier-bill-2",
        "bangla_name": "",
        "is_branch": "FALSE",
        "is_public": "FALSE",
        "sales_price": "",
        "discount": "",
        "stock": ""
    },
    {
        "english_name": "conveyance",
        "bangla_name": "",
        "is_branch": "FALSE",
        "is_public": "FALSE",
        "sales_price": "",
        "discount": "",
        "stock": ""
    },
    {
        "english_name": "cort-pin-logo",
        "bangla_name": "",
        "is_branch": "FALSE",
        "is_public": "FALSE",
        "sales_price": "",
        "discount": "",
        "stock": ""
    },
    {
        "english_name": "cort-pin-cmc",
        "bangla_name": "কোর্ট পিন - সদস্য সম্মেলন-২০২২ ",
        "is_branch": "TRUE",
        "is_public": "FALSE",
        "sales_price": "",
        "discount": "",
        "stock": ""
    },
    {
        "english_name": "dex-calender-bangla-2024",
        "bangla_name": "ডেস্ক ক্যালেন্ডার (বাংলা) ",
        "is_branch": "TRUE",
        "is_public": "FALSE",
        "sales_price": "",
        "discount": "",
        "stock": ""
    },
    {
        "english_name": "dex-calender-english-2024",
        "bangla_name": "ডেস্ক ক্যালেন্ডার (ইংরেজি) ",
        "is_branch": "TRUE",
        "is_public": "FALSE",
        "sales_price": "",
        "discount": "",
        "stock": ""
    },
    {
        "english_name": "diary-big-bangla-2024",
        "bangla_name": "ডায়েরি (বাংলা) ",
        "is_branch": "TRUE",
        "is_public": "FALSE",
        "sales_price": "",
        "discount": "",
        "stock": ""
    },
    {
        "english_name": "diary-big-english-2024",
        "bangla_name": "ডায়েরি (ইংরেজি) ",
        "is_branch": "TRUE",
        "is_public": "FALSE",
        "sales_price": "",
        "discount": "",
        "stock": ""
    },
    {
        "english_name": "digdigantho-2",
        "bangla_name": "দিকদিগন্ত-২ ",
        "is_branch": "TRUE",
        "is_public": "FALSE",
        "sales_price": "",
        "discount": "",
        "stock": ""
    },
    {
        "english_name": "digdigantho-3",
        "bangla_name": "দিকদিগন্ত-৩ ",
        "is_branch": "TRUE",
        "is_public": "FALSE",
        "sales_price": "",
        "discount": "",
        "stock": ""
    },
    {
        "english_name": "digdiganto-1",
        "bangla_name": "দিকদিগন্ত-১ ",
        "is_branch": "TRUE",
        "is_public": "FALSE",
        "sales_price": "",
        "discount": "",
        "stock": ""
    },
    {
        "english_name": "dosh-dofa",
        "bangla_name": "অর্থনীতিতে রাসুলের (সা.) দশ দফা ",
        "is_branch": "TRUE",
        "is_public": "FALSE",
        "sales_price": "",
        "discount": "",
        "stock": ""
    },
    {
        "english_name": "eid-card-sg",
        "bangla_name": "ঈদ কার্ড সেক্রেটারী জেনারেল",
        "is_branch": "TRUE",
        "is_public": "FALSE",
        "sales_price": "",
        "discount": "",
        "stock": ""
    },
    {
        "english_name": "eid-card-2019",
        "bangla_name": "ঈদ কার্ড ২০১৯",
        "is_branch": "TRUE",
        "is_public": "FALSE",
        "sales_price": "",
        "discount": "",
        "stock": ""
    },
    {
        "english_name": "eid-card-bangla",
        "bangla_name": "ঈদ কার্ড বাংলা",
        "is_branch": "TRUE",
        "is_public": "FALSE",
        "sales_price": "",
        "discount": "",
        "stock": ""
    },
    {
        "english_name": "eid-card-english",
        "bangla_name": "ঈদ কার্ড ইংলিশ",
        "is_branch": "TRUE",
        "is_public": "FALSE",
        "sales_price": "",
        "discount": "",
        "stock": ""
    },
    {
        "english_name": "ghori-dewal-a",
        "bangla_name": "দেয়াল ঘড়ি",
        "is_branch": "TRUE",
        "is_public": "FALSE",
        "sales_price": "",
        "discount": "",
        "stock": ""
    },
    {
        "english_name": "growing-children-minds",
        "bangla_name": "GROWING CHILDREN MINDS ",
        "is_branch": "TRUE",
        "is_public": "FALSE",
        "sales_price": "",
        "discount": "",
        "stock": ""
    },
    {
        "english_name": "herar-joti-1",
        "bangla_name": "হেরার জ্যোতি - ১ ",
        "is_branch": "TRUE",
        "is_public": "FALSE",
        "sales_price": "",
        "discount": "",
        "stock": ""
    },
    {
        "english_name": "islam-o-onnanno-motobad",
        "bangla_name": "ইসলাম ও অন্যান্য মতবাদ ",
        "is_branch": "TRUE",
        "is_public": "FALSE",
        "sales_price": "",
        "discount": "",
        "stock": ""
    },
    {
        "english_name": "islam-o-orthonaytik-challenge",
        "bangla_name": "ইসলাম ও অর্থনৈতিক চ্যালেঞ্জ ",
        "is_branch": "TRUE",
        "is_public": "FALSE",
        "sales_price": "",
        "discount": "",
        "stock": ""
    },
    {
        "english_name": "islamar-ahoban",
        "bangla_name": "অন্যান্য ধর্মাবলম্বীদের প্রতি ইসলামের আহবান ",
        "is_branch": "TRUE",
        "is_public": "FALSE",
        "sales_price": "",
        "discount": "",
        "stock": ""
    },
    {
        "english_name": "islamer-prathomic-porichoy",
        "bangla_name": "ইসলামের প্রাথমিক পরিচয় ",
        "is_branch": "TRUE",
        "is_public": "FALSE",
        "sales_price": "",
        "discount": "",
        "stock": ""
    },
    {
        "english_name": "islami-andolner-karmider-p-s",
        "bangla_name": "ইসলামী আন্দোলনের কর্মীদের পারস্পরিক সম্পর্ক ",
        "is_branch": "TRUE",
        "is_public": "FALSE",
        "sales_price": "",
        "discount": "",
        "stock": ""
    },
    {
        "english_name": "islami-andolon-safoller-sahrta",
        "bangla_name": "ইসলামী আন্দোলন সাফল্যের শর্তাবলী ",
        "is_branch": "TRUE",
        "is_public": "FALSE",
        "sales_price": "",
        "discount": "",
        "stock": ""
    },
    {
        "english_name": "islami-arthoniti-probandho",
        "bangla_name": "ইসলামী অর্থনীতি নির্বাচিত প্রবন্ধ ",
        "is_branch": "TRUE",
        "is_public": "FALSE",
        "sales_price": "",
        "discount": "",
        "stock": ""
    },
    {
        "english_name": "jibon-bodlay-jabe-b",
        "bangla_name": "জীবন বদলে যাবে (বোর্ড বাইন্ডিং) ",
        "is_branch": "TRUE",
        "is_public": "FALSE",
        "sales_price": "",
        "discount": "",
        "stock": ""
    },
    {
        "english_name": "jibon-bodlay-jabe-n",
        "bangla_name": "জীবন বদলে যাবে (নরমাল বাাইন্ডিং) ",
        "is_branch": "TRUE",
        "is_public": "FALSE",
        "sales_price": "",
        "discount": "",
        "stock": ""
    },
    {
        "english_name": "karmi-set",
        "bangla_name": "কর্মী সিলেবাস ",
        "is_branch": "TRUE",
        "is_public": "FALSE",
        "sales_price": "",
        "discount": "",
        "stock": ""
    },
    {
        "english_name": "karmopoddhoty",
        "bangla_name": "কর্মপদ্ধতি ",
        "is_branch": "TRUE",
        "is_public": "FALSE",
        "sales_price": "",
        "discount": "",
        "stock": ""
    },
    {
        "english_name": "karmopoddothy-einglish",
        "bangla_name": "কর্মপদ্ধতি (ইংরেজি) ",
        "is_branch": "TRUE",
        "is_public": "FALSE",
        "sales_price": "",
        "discount": "",
        "stock": ""
    },
    {
        "english_name": "key-to-success",
        "bangla_name": "KEY TO SUCCESS ",
        "is_branch": "TRUE",
        "is_public": "FALSE",
        "sales_price": "",
        "discount": "",
        "stock": ""
    },
    {
        "english_name": "kham-a",
        "bangla_name": "খাম",
        "is_branch": "TRUE",
        "is_public": "FALSE",
        "sales_price": "",
        "discount": "",
        "stock": ""
    },
    {
        "english_name": "kishor-mone-vabna-jage",
        "bangla_name": "কিশোর মনে ভাবনা জাগে ",
        "is_branch": "TRUE",
        "is_public": "FALSE",
        "sales_price": "",
        "discount": "",
        "stock": ""
    },
    {
        "english_name": "kolom-dani-cmc",
        "bangla_name": "কলম দানি - সদস্য সম্মেলন ",
        "is_branch": "TRUE",
        "is_public": "FALSE",
        "sales_price": "",
        "discount": "",
        "stock": ""
    },
    {
        "english_name": "krest",
        "bangla_name": "ক্রেস্ট",
        "is_branch": "TRUE",
        "is_public": "FALSE",
        "sales_price": "",
        "discount": "",
        "stock": ""
    },
    {
        "english_name": "kupon-cmc",
        "bangla_name": "কুপন CMC",
        "is_branch": "TRUE",
        "is_public": "FALSE",
        "sales_price": "",
        "discount": "",
        "stock": ""
    },
    {
        "english_name": "lacture-series-1",
        "bangla_name": "",
        "is_branch": "FALSE",
        "is_public": "FALSE",
        "sales_price": "",
        "discount": "",
        "stock": ""
    },
    {
        "english_name": "macek-porikolpona-stwu",
        "bangla_name": "মাসিক পরিকল্পনা (শাখা-থানা-ওয়ার্ড-ইউনিয়ন) ",
        "is_branch": "TRUE",
        "is_public": "FALSE",
        "sales_price": "",
        "discount": "",
        "stock": ""
    },
    {
        "english_name": "mahe-ramjan",
        "bangla_name": "মাহে রমজান",
        "is_branch": "TRUE",
        "is_public": "FALSE",
        "sales_price": "",
        "discount": "",
        "stock": ""
    },
    {
        "english_name": "majhary-diary-2024",
        "bangla_name": "ডায়েরি (মাঝারি) ",
        "is_branch": "TRUE",
        "is_public": "FALSE",
        "sales_price": "",
        "discount": "",
        "stock": ""
    },
    {
        "english_name": "masnun-doa",
        "bangla_name": "দৈনন্দিন মাসনুন দোয়া ও মাসআলা মাসায়েল ",
        "is_branch": "TRUE",
        "is_public": "FALSE",
        "sales_price": "",
        "discount": "",
        "stock": ""
    },
    {
        "english_name": "mess-mill-register-khata",
        "bangla_name": "ম্যাস মিল রেজিস্টার খাতা ",
        "is_branch": "TRUE",
        "is_public": "FALSE",
        "sales_price": "",
        "discount": "",
        "stock": ""
    },
    {
        "english_name": "moder-cholar-path-islam",
        "bangla_name": "মোদের চলার পথ ইসলাম ",
        "is_branch": "TRUE",
        "is_public": "FALSE",
        "sales_price": "",
        "discount": "",
        "stock": ""
    },
    {
        "english_name": "monthly-flat-rent",
        "bangla_name": "",
        "is_branch": "FALSE",
        "is_public": "FALSE",
        "sales_price": "",
        "discount": "",
        "stock": ""
    },
    {
        "english_name": "mora-bara-hote-chai",
        "bangla_name": "মোরা বড়ো হতে চাই ",
        "is_branch": "TRUE",
        "is_public": "FALSE",
        "sales_price": "",
        "discount": "",
        "stock": ""
    },
    {
        "english_name": "moulik-islami-sahitto-somvar",
        "bangla_name": "মৌলিক ১৫টি বই (ভলিউম) ",
        "is_branch": "TRUE",
        "is_public": "FALSE",
        "sales_price": "",
        "discount": "",
        "stock": ""
    },
    {
        "english_name": "mug-cmc",
        "bangla_name": "মগ - সদস্য সম্মেলন ২০২২ ",
        "is_branch": "TRUE",
        "is_public": "FALSE",
        "sales_price": "",
        "discount": "",
        "stock": ""
    },
    {
        "english_name": "muktir-poigam",
        "bangla_name": "মুক্তির পয়গাম ",
        "is_branch": "TRUE",
        "is_public": "FALSE",
        "sales_price": "",
        "discount": "",
        "stock": ""
    },
    {
        "english_name": "muktir-poigam-english",
        "bangla_name": "মুক্তির পয়গাম (ইংরেজি) ",
        "is_branch": "TRUE",
        "is_public": "FALSE",
        "sales_price": "",
        "discount": "",
        "stock": ""
    },
    {
        "english_name": "muslim-manose-songkot",
        "bangla_name": "মুসলিম মানসে সংকট ",
        "is_branch": "TRUE",
        "is_public": "FALSE",
        "sales_price": "",
        "discount": "",
        "stock": ""
    },
    {
        "english_name": "namajer-stai-shomoy-suchi",
        "bangla_name": "নামাজ রোজার স্থায়ী সময় সূচি ",
        "is_branch": "TRUE",
        "is_public": "FALSE",
        "sales_price": "",
        "discount": "",
        "stock": ""
    },
    {
        "english_name": "new-sarok",
        "bangla_name": "নতুন স্বারক",
        "is_branch": "TRUE",
        "is_public": "FALSE",
        "sales_price": "",
        "discount": "",
        "stock": ""
    },
    {
        "english_name": "nirbacito-probando-sankalon",
        "bangla_name": "নির্বাচিত প্রবন্ধ সংকলন-২০১২ ",
        "is_branch": "TRUE",
        "is_public": "FALSE",
        "sales_price": "",
        "discount": "",
        "stock": ""
    },
    {
        "english_name": "note-book-a",
        "bangla_name": "নোটবুক-এ (বড়ো) ",
        "is_branch": "TRUE",
        "is_public": "FALSE",
        "sales_price": "",
        "discount": "",
        "stock": ""
    },
    {
        "english_name": "note-book-b",
        "bangla_name": "নোটবুক-বি (মাঝারি) ",
        "is_branch": "TRUE",
        "is_public": "FALSE",
        "sales_price": "",
        "discount": "",
        "stock": ""
    },
    {
        "english_name": "note-book-c",
        "bangla_name": "নোটবুক-সি (ছোটো) ",
        "is_branch": "TRUE",
        "is_public": "FALSE",
        "sales_price": "",
        "discount": "",
        "stock": ""
    },
    {
        "english_name": "oboruddho-bangladesh",
        "bangla_name": "অবরুদ্ধ বাংলাদেশ",
        "is_branch": "TRUE",
        "is_public": "FALSE",
        "sales_price": "",
        "discount": "",
        "stock": ""
    },
    {
        "english_name": "omeo-sudha",
        "bangla_name": "অমিয় সুধা ",
        "is_branch": "TRUE",
        "is_public": "FALSE",
        "sales_price": "",
        "discount": "",
        "stock": ""
    },
    {
        "english_name": "orthonaytik-protibadon",
        "bangla_name": "অর্থনৈতিক প্রতিবেদন (১০০ কপি) ",
        "is_branch": "TRUE",
        "is_public": "FALSE",
        "sales_price": "",
        "discount": "",
        "stock": ""
    },
    {
        "english_name": "paper-weight-cmc",
        "bangla_name": "পেপার ওয়েট - সদস্য সম্মেলন-২০২২ ",
        "is_branch": "TRUE",
        "is_public": "FALSE",
        "sales_price": "",
        "discount": "",
        "stock": ""
    },
    {
        "english_name": "paper-weight-a",
        "bangla_name": "পেপার ওয়েট a",
        "is_branch": "TRUE",
        "is_public": "FALSE",
        "sales_price": "",
        "discount": "",
        "stock": ""
    },
    {
        "english_name": "paper-weight-b",
        "bangla_name": "পেপার ওয়েট (বি) ",
        "is_branch": "TRUE",
        "is_public": "FALSE",
        "sales_price": "",
        "discount": "",
        "stock": ""
    },
    {
        "english_name": "pataka-cloth",
        "bangla_name": "জাতীয় পতাকা (কাপর-৩’*২’) ",
        "is_branch": "TRUE",
        "is_public": "FALSE",
        "sales_price": "",
        "discount": "",
        "stock": ""
    },
    {
        "english_name": "pataka-dolio",
        "bangla_name": "পতাকা দলিয়",
        "is_branch": "TRUE",
        "is_public": "FALSE",
        "sales_price": "",
        "discount": "",
        "stock": ""
    },
    {
        "english_name": "pataka-jatio",
        "bangla_name": "পতাকা জাতীয়",
        "is_branch": "TRUE",
        "is_public": "FALSE",
        "sales_price": "",
        "discount": "",
        "stock": ""
    },
    {
        "english_name": "pataka-kalema",
        "bangla_name": "পতাকা কালিমা (কাপর-৩’*২’) ",
        "is_branch": "TRUE",
        "is_public": "FALSE",
        "sales_price": "",
        "discount": "",
        "stock": ""
    },
    {
        "english_name": "pathagar-register-khata",
        "bangla_name": "পাঠাগার রেজিষ্টার খাতা ",
        "is_branch": "TRUE",
        "is_public": "FALSE",
        "sales_price": "",
        "discount": "",
        "stock": ""
    },
    {
        "english_name": "pen-a",
        "bangla_name": "কলম A",
        "is_branch": "TRUE",
        "is_public": "FALSE",
        "sales_price": "",
        "discount": "",
        "stock": ""
    },
    {
        "english_name": "pen-cmc",
        "bangla_name": "কলম - সদস্য সম্মেলন-২০২২",
        "is_branch": "TRUE",
        "is_public": "FALSE",
        "sales_price": "",
        "discount": "",
        "stock": ""
    },
    {
        "english_name": "pocket-diary-2024",
        "bangla_name": "ডায়েরি (পকেট) ",
        "is_branch": "TRUE",
        "is_public": "FALSE",
        "sales_price": "",
        "discount": "",
        "stock": ""
    },
    {
        "english_name": "porichity",
        "bangla_name": "সংক্ষিপ্ত পরিচিতি (১০০ পিচ) ",
        "is_branch": "TRUE",
        "is_public": "FALSE",
        "sales_price": "",
        "discount": "",
        "stock": ""
    },
    {
        "english_name": "poricity-english",
        "bangla_name": "পরিচিতি ইংলিশ",
        "is_branch": "TRUE",
        "is_public": "FALSE",
        "sales_price": "",
        "discount": "",
        "stock": ""
    },
    {
        "english_name": "poster-10-ti-badhi",
        "bangla_name": "পোস্টার (হৃদয়ের ১০ ব্যাধি) ",
        "is_branch": "TRUE",
        "is_public": "FALSE",
        "sales_price": "",
        "discount": "",
        "stock": ""
    },
    {
        "english_name": "poster-5-shreny",
        "bangla_name": "পোস্টার (পাঁচ শ্রেণি) - 25",
        "is_branch": "TRUE",
        "is_public": "FALSE",
        "sales_price": "",
        "discount": "",
        "stock": ""
    },
    {
        "english_name": "poster-5-te-obostha",
        "bangla_name": "পোস্টার (পাচঁটি আবস্থা) - 25",
        "is_branch": "TRUE",
        "is_public": "FALSE",
        "sales_price": "",
        "discount": "",
        "stock": ""
    },
    {
        "english_name": "poster-7-shreny",
        "bangla_name": "পোস্টার (সাত শ্রেণি) - 25",
        "is_branch": "TRUE",
        "is_public": "FALSE",
        "sales_price": "",
        "discount": "",
        "stock": ""
    },
    {
        "english_name": "poster-abdul-malek",
        "bangla_name": "পোস্টার (আব্দুল মালেক) - 10",
        "is_branch": "TRUE",
        "is_public": "FALSE",
        "sales_price": "",
        "discount": "",
        "stock": ""
    },
    {
        "english_name": "poster-al-quran",
        "bangla_name": "পোস্টার (আল কুরআনকে ভালোবেসে) - 25",
        "is_branch": "TRUE",
        "is_public": "FALSE",
        "sales_price": "",
        "discount": "",
        "stock": ""
    },
    {
        "english_name": "poster-classof-hadis",
        "bangla_name": "পোস্টার (হাদিসের প্রকারভেদ) - 25",
        "is_branch": "TRUE",
        "is_public": "FALSE",
        "sales_price": "",
        "discount": "",
        "stock": ""
    },
    {
        "english_name": "poster-dewa-circle",
        "bangla_name": "পোস্টার (বাংলাশে দাওয়াহ সার্কেল) - 20",
        "is_branch": "TRUE",
        "is_public": "FALSE",
        "sales_price": "",
        "discount": "",
        "stock": ""
    },
    {
        "english_name": "poster-durjog",
        "bangla_name": "পোস্টার (এ দুর্যোগে মুক্তির অন্বেষায়) - 25",
        "is_branch": "TRUE",
        "is_public": "FALSE",
        "sales_price": "",
        "discount": "",
        "stock": ""
    },
    {
        "english_name": "poster-dussahosik-bir",
        "bangla_name": "পোস্টার (দুঃসাহসী বীর) - 25",
        "is_branch": "TRUE",
        "is_public": "FALSE",
        "sales_price": "",
        "discount": "",
        "stock": ""
    },
    {
        "english_name": "poster-jiboner-sapno",
        "bangla_name": "পোস্টার (জীবনের স্বপ্নকে ওরা কিনেছে) - 25",
        "is_branch": "TRUE",
        "is_public": "FALSE",
        "sales_price": "",
        "discount": "",
        "stock": ""
    },
    {
        "english_name": "poster-kabi-farrukh",
        "bangla_name": "পোস্টার (কবি ফররুখ) - 25",
        "is_branch": "TRUE",
        "is_public": "FALSE",
        "sales_price": "",
        "discount": "",
        "stock": ""
    },
    {
        "english_name": "poster-manchitro",
        "bangla_name": "পোস্টার মানচিত্র",
        "is_branch": "TRUE",
        "is_public": "FALSE",
        "sales_price": "",
        "discount": "",
        "stock": ""
    },
    {
        "english_name": "poster-mini",
        "bangla_name": "পোস্টার (মিনি) - 4",
        "is_branch": "TRUE",
        "is_public": "FALSE",
        "sales_price": "",
        "discount": "",
        "stock": ""
    },
    {
        "english_name": "poster-muslim-ami",
        "bangla_name": "পোস্টার (মুসলিম আমি সংগ্রামী আমি) - 25",
        "is_branch": "TRUE",
        "is_public": "FALSE",
        "sales_price": "",
        "discount": "",
        "stock": ""
    },
    {
        "english_name": "poster-nahey-samapto",
        "bangla_name": "পোস্টার (নহে সমাপ্ত) - 25",
        "is_branch": "TRUE",
        "is_public": "FALSE",
        "sales_price": "",
        "discount": "",
        "stock": ""
    },
    {
        "english_name": "poster-taufiq-daou",
        "bangla_name": "পোস্টার (তাওফিক দাও) - 25",
        "is_branch": "TRUE",
        "is_public": "FALSE",
        "sales_price": "",
        "discount": "",
        "stock": ""
    },
    {
        "english_name": "preronar-bathigor",
        "bangla_name": "প্রেরণার বাতিঘর - 200",
        "is_branch": "TRUE",
        "is_public": "FALSE",
        "sales_price": "",
        "discount": "",
        "stock": ""
    },
    {
        "english_name": "Preronar Micil",
        "bangla_name": "প্রেরনার মিছিল - 700",
        "is_branch": "TRUE",
        "is_public": "FALSE",
        "sales_price": "",
        "discount": "",
        "stock": ""
    },
    {
        "english_name": "press-biggopty-pad",
        "bangla_name": "প্রেস বিজ্ঞপ্তি প্যাড",
        "is_branch": "TRUE",
        "is_public": "FALSE",
        "sales_price": "",
        "discount": "",
        "stock": ""
    },
    {
        "english_name": "prokashona-register-khata",
        "bangla_name": "প্রকাশনা রেজিস্টার খাতা - 150",
        "is_branch": "TRUE",
        "is_public": "FALSE",
        "sales_price": "",
        "discount": "",
        "stock": ""
    },
    {
        "english_name": "proshikhon-nirdeshika",
        "bangla_name": "প্রশিক্ষণ নির্দেশিকা - 35",
        "is_branch": "TRUE",
        "is_public": "FALSE",
        "sales_price": "",
        "discount": "",
        "stock": ""
    },
    {
        "english_name": "protibedon-kishor-kantho",
        "bangla_name": "ব্যক্তিগত প্রতিবেদন (কিশোর কণ্ঠ) (১০০ কপি) - 150",
        "is_branch": "TRUE",
        "is_public": "FALSE",
        "sales_price": "",
        "discount": "",
        "stock": ""
    },
    {
        "english_name": "quran-and-sunnah",
        "bangla_name": "কুরআন ও সুন্নাহ স্থান-কাল-পরিপ্রেক্ষিত - 35",
        "is_branch": "TRUE",
        "is_public": "FALSE",
        "sales_price": "",
        "discount": "",
        "stock": ""
    },
    {
        "english_name": "quran-er-ayena",
        "bangla_name": "কুরআনের আয়নায় বিম্বিত রাসূল (সা.) - 84",
        "is_branch": "TRUE",
        "is_public": "FALSE",
        "sales_price": "",
        "discount": "",
        "stock": ""
    },
    {
        "english_name": "ramadan-porikolpona",
        "bangla_name": "রমাদান কর্ম পরিকল্পনা - 35",
        "is_branch": "TRUE",
        "is_public": "FALSE",
        "sales_price": "",
        "discount": "",
        "stock": ""
    },
    {
        "english_name": "ramjan-ahaban",
        "bangla_name": "রমজাান আহবান",
        "is_branch": "TRUE",
        "is_public": "FALSE",
        "sales_price": "",
        "discount": "",
        "stock": ""
    },
    {
        "english_name": "ramjan-book-package",
        "bangla_name": "রমজান বুক প্যাকেজ - 0",
        "is_branch": "TRUE",
        "is_public": "FALSE",
        "sales_price": "",
        "discount": "",
        "stock": ""
    },
    {
        "english_name": "ramjan-calender-2023",
        "bangla_name": "রমাদান ক্যালেন্ডার - 10",
        "is_branch": "TRUE",
        "is_public": "FALSE",
        "sales_price": "",
        "discount": "",
        "stock": ""
    },
    {
        "english_name": "ramjan-calender-barisal",
        "bangla_name": "",
        "is_branch": "FALSE",
        "is_public": "FALSE",
        "sales_price": "",
        "discount": "",
        "stock": ""
    },
    {
        "english_name": "ramjan-calender-bogura",
        "bangla_name": "",
        "is_branch": "FALSE",
        "is_public": "FALSE",
        "sales_price": "",
        "discount": "",
        "stock": ""
    },
    {
        "english_name": "ramjan-calender-chandpur",
        "bangla_name": "",
        "is_branch": "FALSE",
        "is_public": "FALSE",
        "sales_price": "",
        "discount": "",
        "stock": ""
    },
    {
        "english_name": "ramjan-calender-chitagong",
        "bangla_name": "",
        "is_branch": "FALSE",
        "is_public": "FALSE",
        "sales_price": "",
        "discount": "",
        "stock": ""
    },
    {
        "english_name": "ramjan-calender-comilla",
        "bangla_name": "",
        "is_branch": "FALSE",
        "is_public": "FALSE",
        "sales_price": "",
        "discount": "",
        "stock": ""
    },
    {
        "english_name": "ramjan-calender-dhaka",
        "bangla_name": "",
        "is_branch": "FALSE",
        "is_public": "FALSE",
        "sales_price": "",
        "discount": "",
        "stock": ""
    },
    {
        "english_name": "ramjan-calender-dinajpur",
        "bangla_name": "",
        "is_branch": "FALSE",
        "is_public": "FALSE",
        "sales_price": "",
        "discount": "",
        "stock": ""
    },
    {
        "english_name": "ramjan-calender-eb",
        "bangla_name": "",
        "is_branch": "FALSE",
        "is_public": "FALSE",
        "sales_price": "",
        "discount": "",
        "stock": ""
    },
    {
        "english_name": "ramjan-calender-jessore",
        "bangla_name": "",
        "is_branch": "FALSE",
        "is_public": "FALSE",
        "sales_price": "",
        "discount": "",
        "stock": ""
    },
    {
        "english_name": "ramjan-calender-khulna",
        "bangla_name": "",
        "is_branch": "FALSE",
        "is_public": "FALSE",
        "sales_price": "",
        "discount": "",
        "stock": ""
    },
    {
        "english_name": "ramjan-calender-kushtia",
        "bangla_name": "",
        "is_branch": "FALSE",
        "is_public": "FALSE",
        "sales_price": "",
        "discount": "",
        "stock": ""
    },
    {
        "english_name": "ramjan-calender-maulovbazar",
        "bangla_name": "",
        "is_branch": "FALSE",
        "is_public": "FALSE",
        "sales_price": "",
        "discount": "",
        "stock": ""
    },
    {
        "english_name": "ramjan-calender-mymonsing",
        "bangla_name": "",
        "is_branch": "FALSE",
        "is_public": "FALSE",
        "sales_price": "",
        "discount": "",
        "stock": ""
    },
    {
        "english_name": "ramjan-calender-nowakhali",
        "bangla_name": "",
        "is_branch": "FALSE",
        "is_public": "FALSE",
        "sales_price": "",
        "discount": "",
        "stock": ""
    },
    {
        "english_name": "ramjan-calender-rajshahi",
        "bangla_name": "",
        "is_branch": "FALSE",
        "is_public": "FALSE",
        "sales_price": "",
        "discount": "",
        "stock": ""
    },
    {
        "english_name": "ramjan-calender-rangpur",
        "bangla_name": "",
        "is_branch": "FALSE",
        "is_public": "FALSE",
        "sales_price": "",
        "discount": "",
        "stock": ""
    },
    {
        "english_name": "ramjan-calender-sylhet",
        "bangla_name": "",
        "is_branch": "FALSE",
        "is_public": "FALSE",
        "sales_price": "",
        "discount": "",
        "stock": ""
    },
    {
        "english_name": "ramjan-hotel-malek",
        "bangla_name": "",
        "is_branch": "FALSE",
        "is_public": "FALSE",
        "sales_price": "",
        "discount": "",
        "stock": ""
    },
    {
        "english_name": "ramjan-nasihat",
        "bangla_name": "রমজান নসিহত",
        "is_branch": "FALSE",
        "is_public": "FALSE",
        "sales_price": "",
        "discount": "",
        "stock": ""
    },
    {
        "english_name": "ramjan-sadharan-chatro",
        "bangla_name": "",
        "is_branch": "FALSE",
        "is_public": "FALSE",
        "sales_price": "",
        "discount": "",
        "stock": ""
    },
    {
        "english_name": "ramzan-calender-2016",
        "bangla_name": "",
        "is_branch": "FALSE",
        "is_public": "FALSE",
        "sales_price": "",
        "discount": "",
        "stock": ""
    },
    {
        "english_name": "ramzan-calender-2017",
        "bangla_name": "",
        "is_branch": "FALSE",
        "is_public": "FALSE",
        "sales_price": "",
        "discount": "",
        "stock": ""
    },
    {
        "english_name": "ramzan-calender-2018",
        "bangla_name": "",
        "is_branch": "FALSE",
        "is_public": "FALSE",
        "sales_price": "",
        "discount": "",
        "stock": ""
    },
    {
        "english_name": "ramzan-calender-2019",
        "bangla_name": "",
        "is_branch": "FALSE",
        "is_public": "FALSE",
        "sales_price": "",
        "discount": "",
        "stock": ""
    },
    {
        "english_name": "ramzan-calender-2021",
        "bangla_name": "",
        "is_branch": "FALSE",
        "is_public": "FALSE",
        "sales_price": "",
        "discount": "",
        "stock": ""
    },
    {
        "english_name": "ramzan-calender-2022",
        "bangla_name": "বমজান ক্যালেন্ডার",
        "is_branch": "TRUE",
        "is_public": "FALSE",
        "sales_price": "",
        "discount": "",
        "stock": ""
    },
    {
        "english_name": "reporting-handbook-diary",
        "bangla_name": "রিপোর্টিং হ্যান্ডবুক - 90",
        "is_branch": "TRUE",
        "is_public": "FALSE",
        "sales_price": "",
        "discount": "",
        "stock": ""
    },
    {
        "english_name": "road-to-higher-study",
        "bangla_name": "Road to Higher Study - 250",
        "is_branch": "TRUE",
        "is_public": "FALSE",
        "sales_price": "",
        "discount": "",
        "stock": ""
    },
    {
        "english_name": "sadasso-set",
        "bangla_name": "সদস্য সিলেবাস - 9000",
        "is_branch": "TRUE",
        "is_public": "FALSE",
        "sales_price": "",
        "discount": "",
        "stock": ""
    },
    {
        "english_name": "sahitto-bivager-khata",
        "bangla_name": "সাহিত্য রেজিষ্টার খাতা - 150",
        "is_branch": "TRUE",
        "is_public": "FALSE",
        "sales_price": "",
        "discount": "",
        "stock": ""
    },
    {
        "english_name": "salam-kalema-sticar",
        "bangla_name": "সালাম কালিমা স্টিকার",
        "is_branch": "TRUE",
        "is_public": "FALSE",
        "sales_price": "",
        "discount": "",
        "stock": ""
    },
    {
        "english_name": "school-routin",
        "bangla_name": "স্কুল রুটিন (১০০ কপি) - 150",
        "is_branch": "TRUE",
        "is_public": "FALSE",
        "sales_price": "",
        "discount": "",
        "stock": ""
    },
    {
        "english_name": "school-sat",
        "bangla_name": "স্কুল সিলেবাস - 2500",
        "is_branch": "TRUE",
        "is_public": "FALSE",
        "sales_price": "",
        "discount": "",
        "stock": ""
    },
    {
        "english_name": "service-charge",
        "bangla_name": "",
        "is_branch": "FALSE",
        "is_public": "FALSE",
        "sales_price": "",
        "discount": "",
        "stock": ""
    },
    {
        "english_name": "shadassa-pratthy-diary",
        "bangla_name": "সদস্য প্রার্থী ডায়েরি - 80",
        "is_branch": "TRUE",
        "is_public": "FALSE",
        "sales_price": "",
        "discount": "",
        "stock": ""
    },
    {
        "english_name": "shahosi-manusher-galpo-1",
        "bangla_name": "সাহসী মানুষের গল্প-১ - 56",
        "is_branch": "TRUE",
        "is_public": "FALSE",
        "sales_price": "",
        "discount": "",
        "stock": ""
    },
    {
        "english_name": "shahosi-manusher-golpo-2",
        "bangla_name": "সাহসী মানুষের গল্প-২ - 49",
        "is_branch": "TRUE",
        "is_public": "FALSE",
        "sales_price": "",
        "discount": "",
        "stock": ""
    },
    {
        "english_name": "shahosi-manusher-golpo-3",
        "bangla_name": "সাহসী মানুষের গল্প-৩ - 35",
        "is_branch": "TRUE",
        "is_public": "FALSE",
        "sales_price": "",
        "discount": "",
        "stock": ""
    },
    {
        "english_name": "shahosi-manusher-galpo-4",
        "bangla_name": "সাহসী মানুষরে গল্প-৪ - 28",
        "is_branch": "TRUE",
        "is_public": "FALSE",
        "sales_price": "",
        "discount": "",
        "stock": ""
    },
    {
        "english_name": "shahosi-manusher-galpo-5",
        "bangla_name": "সাহসী মানুষরে গল্প-৫ - 35",
        "is_branch": "TRUE",
        "is_public": "FALSE",
        "sales_price": "",
        "discount": "",
        "stock": ""
    },
    {
        "english_name": "shahosi-manusher-galpo-6",
        "bangla_name": "সাহসী মানুষরে গল্প-৬ - 35",
        "is_branch": "TRUE",
        "is_public": "FALSE",
        "sales_price": "",
        "discount": "",
        "stock": ""
    },
    {
        "english_name": "shakhar-macek-report",
        "bangla_name": "শাখার মাসিক রিপোর্ট (১০০ কপি ) - 175",
        "is_branch": "TRUE",
        "is_public": "FALSE",
        "sales_price": "",
        "discount": "",
        "stock": ""
    },
    {
        "english_name": "shanghathonic-pad",
        "bangla_name": "সাংগঠনিক প্যাড",
        "is_branch": "TRUE",
        "is_public": "FALSE",
        "sales_price": "",
        "discount": "",
        "stock": ""
    },
    {
        "english_name": "shape-the-life",
        "bangla_name": "SHAPE THE LIFE - 35",
        "is_branch": "TRUE",
        "is_public": "FALSE",
        "sales_price": "",
        "discount": "",
        "stock": ""
    },
    {
        "english_name": "shathi-set",
        "bangla_name": "সাথী সিলেবাস - 2712",
        "is_branch": "TRUE",
        "is_public": "FALSE",
        "sales_price": "",
        "discount": "",
        "stock": ""
    },
    {
        "english_name": "shofol-bitarkik-bokta",
        "bangla_name": "সফল বিতার্কিক বক্তা ও নেতা হওয়ার কৌশল - 195",
        "is_branch": "TRUE",
        "is_public": "FALSE",
        "sales_price": "",
        "discount": "",
        "stock": ""
    },
    {
        "english_name": "shomorthak-form",
        "bangla_name": "সমর্থক ফর্ম (১০০ পিচ) - 80",
        "is_branch": "TRUE",
        "is_public": "FALSE",
        "sales_price": "",
        "discount": "",
        "stock": ""
    },
    {
        "english_name": "shomorthak-form-english",
        "bangla_name": "সমর্থক ফর্ম (ইংরেজি)(১০০ পিচ) - 50",
        "is_branch": "TRUE",
        "is_public": "FALSE",
        "sales_price": "",
        "discount": "",
        "stock": ""
    },
    {
        "english_name": "shomorthak-form-omuslim",
        "bangla_name": "সমর্থক ফর্ম (ভিন্ন ধর্মাবলম্বীদের জন্য) (১০০ পিচ) - 60",
        "is_branch": "TRUE",
        "is_public": "FALSE",
        "sales_price": "",
        "discount": "",
        "stock": ""
    },
    {
        "english_name": "shongbidhan",
        "bangla_name": "সংবিধান - 20",
        "is_branch": "TRUE",
        "is_public": "FALSE",
        "sales_price": "",
        "discount": "",
        "stock": ""
    },
    {
        "english_name": "shongbidhan-arabia",
        "bangla_name": "সংবিধান (আরবি) - 15",
        "is_branch": "TRUE",
        "is_public": "FALSE",
        "sales_price": "",
        "discount": "",
        "stock": ""
    },
    {
        "english_name": "shorno-juger-muslime-bigganira",
        "bangla_name": "স্বর্ণযুগের মুসলিম বিজ্ঞানিরা - 260",
        "is_branch": "TRUE",
        "is_public": "FALSE",
        "sales_price": "",
        "discount": "",
        "stock": ""
    },
    {
        "english_name": "shotyer-shourav",
        "bangla_name": "সত্যের সৌরভ - 84",
        "is_branch": "TRUE",
        "is_public": "FALSE",
        "sales_price": "",
        "discount": "",
        "stock": ""
    },
    {
        "english_name": "sompod-register-khata",
        "bangla_name": "সম্পদ রেজিস্টার খাতা - 120",
        "is_branch": "TRUE",
        "is_public": "FALSE",
        "sales_price": "",
        "discount": "",
        "stock": ""
    },
    {
        "english_name": "songsodo-bitorko",
        "bangla_name": "সংসদীয় বিতর্ক - 23",
        "is_branch": "TRUE",
        "is_public": "FALSE",
        "sales_price": "",
        "discount": "",
        "stock": ""
    },
    {
        "english_name": "sorona-monona",
        "bangla_name": "স্বরনে মননে (শহীদ আব্দুল মালেক) - 140",
        "is_branch": "TRUE",
        "is_public": "FALSE",
        "sales_price": "",
        "discount": "",
        "stock": ""
    },
    {
        "english_name": "srostar-sunipun-sristy",
        "bangla_name": "স্রষ্টার সৃষ্টি অপার বিস্ময় - 105",
        "is_branch": "TRUE",
        "is_public": "FALSE",
        "sales_price": "",
        "discount": "",
        "stock": ""
    },
    {
        "english_name": "srrity-omolin",
        "bangla_name": "স্মৃতি অমলিন-১ - 350",
        "is_branch": "TRUE",
        "is_public": "FALSE",
        "sales_price": "",
        "discount": "",
        "stock": ""
    },
    {
        "english_name": "stand-flag (Dolio)",
        "bangla_name": "স্ট্যান্ড পতাকা (দলিয়) - 900",
        "is_branch": "TRUE",
        "is_public": "FALSE",
        "sales_price": "",
        "discount": "",
        "stock": ""
    },
    {
        "english_name": "stand-flag (Jatio)",
        "bangla_name": "স্ট্যান্ড পতাকা ( জাতীয়) - 900",
        "is_branch": "TRUE",
        "is_public": "FALSE",
        "sales_price": "",
        "discount": "",
        "stock": ""
    },
    {
        "english_name": "sticar-a",
        "bangla_name": "স্টিকার (এ) (১০০ কপি) - 288",
        "is_branch": "TRUE",
        "is_public": "FALSE",
        "sales_price": "",
        "discount": "",
        "stock": ""
    },
    {
        "english_name": "sticar-b",
        "bangla_name": "ষ্টিকার - বি (১০০ পিছ) - 250",
        "is_branch": "TRUE",
        "is_public": "FALSE",
        "sales_price": "",
        "discount": "",
        "stock": ""
    },
    {
        "english_name": "sticar-c",
        "bangla_name": "স্টিকার - সি",
        "is_branch": "TRUE",
        "is_public": "FALSE",
        "sales_price": "",
        "discount": "",
        "stock": ""
    },
    {
        "english_name": "sticar-doa-1",
        "bangla_name": "স্টিকার দুআ, সেট-০১ - 288",
        "is_branch": "TRUE",
        "is_public": "FALSE",
        "sales_price": "",
        "discount": "",
        "stock": ""
    },
    {
        "english_name": "subhe-sadik",
        "bangla_name": "সুবহে সাদিক - 105",
        "is_branch": "TRUE",
        "is_public": "FALSE",
        "sales_price": "",
        "discount": "",
        "stock": ""
    },
    {
        "english_name": "sutraboly",
        "bangla_name": "সূত্রাবলি - 8",
        "is_branch": "TRUE",
        "is_public": "FALSE",
        "sales_price": "",
        "discount": "",
        "stock": ""
    },
    {
        "english_name": "suvessha-card",
        "bangla_name": "শুভেচ্ছা কার্ড (১০০ কপি) - 70",
        "is_branch": "TRUE",
        "is_public": "FALSE",
        "sales_price": "",
        "discount": "",
        "stock": ""
    },
    {
        "english_name": "syllabus",
        "bangla_name": "সিলেবাস - 21",
        "is_branch": "TRUE",
        "is_public": "FALSE",
        "sales_price": "",
        "discount": "",
        "stock": ""
    },
    {
        "english_name": "t-shirt-cmc",
        "bangla_name": "টি-সার্ট সম্মেলনের-২০২২ - 100",
        "is_branch": "TRUE",
        "is_public": "FALSE",
        "sales_price": "",
        "discount": "",
        "stock": ""
    },
    {
        "english_name": "t-shirt-d",
        "bangla_name": "টি-সার্ট d",
        "is_branch": "TRUE",
        "is_public": "FALSE",
        "sales_price": "",
        "discount": "",
        "stock": ""
    },
    {
        "english_name": "t-shirt-ganji",
        "bangla_name": "টি-সার্ট আল্লাহই আমার জন্য যথেষ্ট (বড়ো সাইজ) - 200",
        "is_branch": "TRUE",
        "is_public": "FALSE",
        "sales_price": "",
        "discount": "",
        "stock": ""
    },
    {
        "english_name": "t-shirt-dewa-circle",
        "bangla_name": "টি-সার্ট (দাওয়াতে দ্বীন প্রতিদিন) - 300",
        "is_branch": "TRUE",
        "is_public": "FALSE",
        "sales_price": "",
        "discount": "",
        "stock": ""
    },
    {
        "english_name": "taqwar-minar",
        "bangla_name": "তাকওয়ার মিনার",
        "is_branch": "TRUE",
        "is_public": "FALSE",
        "sales_price": "",
        "discount": "",
        "stock": ""
    },
    {
        "english_name": "tarun-tomar-jonno",
        "bangla_name": "তরুণ তোমার জন্য - 42",
        "is_branch": "TRUE",
        "is_public": "FALSE",
        "sales_price": "",
        "discount": "",
        "stock": ""
    },
    {
        "english_name": "tazkiatun-nafs",
        "bangla_name": "তাজকিয়াতুন নাফস",
        "is_branch": "TRUE",
        "is_public": "FALSE",
        "sales_price": "",
        "discount": "",
        "stock": ""
    },
    {
        "english_name": "tense",
        "bangla_name": "TENSE - 8",
        "is_branch": "TRUE",
        "is_public": "FALSE",
        "sales_price": "",
        "discount": "",
        "stock": ""
    },
    {
        "english_name": "thana-sh-word-unite-mreport",
        "bangla_name": "থানা-সাথী শাখা-ওয়ার্ড-ইউনিয়নের মাসিক রিপোর্ট - 200",
        "is_branch": "TRUE",
        "is_public": "FALSE",
        "sales_price": "",
        "discount": "",
        "stock": ""
    },
    {
        "english_name": "ucchotor-syllabus",
        "bangla_name": "উচ্চতর সিলেবাস",
        "is_branch": "TRUE",
        "is_public": "FALSE",
        "sales_price": "",
        "discount": "",
        "stock": ""
    },
    {
        "english_name": "uposhaka-unite-macek-report",
        "bangla_name": "উপশাখা-ইউনিটের মাসিক রিপোর্ট (১০০ কপি) - 150",
        "is_branch": "TRUE",
        "is_public": "FALSE",
        "sales_price": "",
        "discount": "",
        "stock": ""
    },
    {
        "english_name": "uposhakar-macek-porikolpona",
        "bangla_name": "উপশাখার মাসিক পরিকল্পনা (১০০ কপি) - 150",
        "is_branch": "TRUE",
        "is_public": "FALSE",
        "sales_price": "",
        "discount": "",
        "stock": ""
    },
    {
        "english_name": "uposhakhar-register-khata",
        "bangla_name": "উপশাখা রেজিস্টার খাতা - 160",
        "is_branch": "TRUE",
        "is_public": "FALSE",
        "sales_price": "",
        "discount": "",
        "stock": ""
    },
    {
        "english_name": "uss-biology-part-i",
        "bangla_name": "",
        "is_branch": "FALSE",
        "is_public": "FALSE",
        "sales_price": "",
        "discount": "",
        "stock": ""
    },
    {
        "english_name": "uss-biology-part-ii",
        "bangla_name": "",
        "is_branch": "FALSE",
        "is_public": "FALSE",
        "sales_price": "",
        "discount": "",
        "stock": ""
    },
    {
        "english_name": "uss-biology-part-iii",
        "bangla_name": "",
        "is_branch": "FALSE",
        "is_public": "FALSE",
        "sales_price": "",
        "discount": "",
        "stock": ""
    },
    {
        "english_name": "uss-biology-part-iv",
        "bangla_name": "",
        "is_branch": "FALSE",
        "is_public": "FALSE",
        "sales_price": "",
        "discount": "",
        "stock": ""
    },
    {
        "english_name": "uss-biology-part-v",
        "bangla_name": "",
        "is_branch": "FALSE",
        "is_public": "FALSE",
        "sales_price": "",
        "discount": "",
        "stock": ""
    },
    {
        "english_name": "uss-biology-part-vi",
        "bangla_name": "",
        "is_branch": "FALSE",
        "is_public": "FALSE",
        "sales_price": "",
        "discount": "",
        "stock": ""
    },
    {
        "english_name": "uss-chemistry-part-i",
        "bangla_name": "",
        "is_branch": "FALSE",
        "is_public": "FALSE",
        "sales_price": "",
        "discount": "",
        "stock": ""
    },
    {
        "english_name": "uss-chemistry-part-ii",
        "bangla_name": "",
        "is_branch": "FALSE",
        "is_public": "FALSE",
        "sales_price": "",
        "discount": "",
        "stock": ""
    },
    {
        "english_name": "uss-chemistry-part-iii",
        "bangla_name": "",
        "is_branch": "FALSE",
        "is_public": "FALSE",
        "sales_price": "",
        "discount": "",
        "stock": ""
    },
    {
        "english_name": "uss-physics-part-i",
        "bangla_name": "",
        "is_branch": "FALSE",
        "is_public": "FALSE",
        "sales_price": "",
        "discount": "",
        "stock": ""
    },
    {
        "english_name": "uss-physics-part-ii",
        "bangla_name": "",
        "is_branch": "FALSE",
        "is_public": "FALSE",
        "sales_price": "",
        "discount": "",
        "stock": ""
    },
    {
        "english_name": "uss-physics-part-iii",
        "bangla_name": "",
        "is_branch": "FALSE",
        "is_public": "FALSE",
        "sales_price": "",
        "discount": "",
        "stock": ""
    },
    {
        "english_name": "usulul-fiqh",
        "bangla_name": "উসূলুল ফিকহ - 70",
        "is_branch": "TRUE",
        "is_public": "FALSE",
        "sales_price": "",
        "discount": "",
        "stock": ""
    },
    {
        "english_name": "vip-diary-2024",
        "bangla_name": "ভি আই পি ডাইরি ২০২৪",
        "is_branch": "TRUE",
        "is_public": "FALSE",
        "sales_price": "",
        "discount": "",
        "stock": ""
    },
    {
        "english_name": "vaucher-pad",
        "bangla_name": "ভাউচার পেড (বই) - 50",
        "is_branch": "TRUE",
        "is_public": "FALSE",
        "sales_price": "",
        "discount": "",
        "stock": ""
    },
    {
        "english_name": "word-card",
        "bangla_name": "Word Card - 15",
        "is_branch": "TRUE",
        "is_public": "FALSE",
        "sales_price": "",
        "discount": "",
        "stock": ""
    },
    {
        "english_name": "year-planner-2024",
        "bangla_name": "Year Planner - 400",
        "is_branch": "TRUE",
        "is_public": "FALSE",
        "sales_price": "",
        "discount": "",
        "stock": ""
    },
    {
        "english_name": "utpadon registar khata - 100",
        "bangla_name": "উৎপাদন রেজিস্টার খাতা - 100",
        "is_branch": "TRUE",
        "is_public": "FALSE",
        "sales_price": "",
        "discount": "",
        "stock": ""
    }
]
